"SourceName","SourceId","ConnectorType","Operation","Enabled","TotalRuns","PassedRuns","FailedRuns","ErrorRatePercent","ThresholdPercent","Status","FailureDetails","LastActivity"
"Employee Directory","03369eb6287c453abcf8ffa367999996","DelimitedFile","Account Aggregation","Yes","0","0","0","0%","3%","NO ACTIVITY","",
"Employee Directory","03369eb6287c453abcf8ffa367999996","DelimitedFile","Entitlement Aggregation","Yes","1","0","1","100%","3%","CRITICAL","Task ERROR: Exception during aggregation of Object Type group on Application Employee Directory [source-1780528889335]. Reason: sailpoint.connector.ConnectorException: Unable to open filestream  for specified file: /var/lib/identityiq_workspace/a64c9c84-da71-44c1-9a14-6e6f3b9bdab0-groups.csv","2026-10-01T11:00:19.467Z"
"Employee Directory","03369eb6287c453abcf8ffa367999996","DelimitedFile","Provisioning - Create Account","No","0","0","0","0%","3%","NOT CONFIGURED","",
"Employee Directory","03369eb6287c453abcf8ffa367999996","DelimitedFile","Provisioning - Add Entitlement","No","0","0","0","0%","3%","NOT CONFIGURED","",
"Employee Directory","03369eb6287c453abcf8ffa367999996","DelimitedFile","Provisioning - Remove Entitlement","No","0","0","0","0%","3%","NOT CONFIGURED","",
"Employee Directory","03369eb6287c453abcf8ffa367999996","DelimitedFile","Provisioning - Enable","No","0","0","0","0%","3%","NOT CONFIGURED","",
"Employee Directory","03369eb6287c453abcf8ffa367999996","DelimitedFile","Provisioning - Disable","No","0","0","0","0%","3%","NOT CONFIGURED","",
"Employee Directory","03369eb6287c453abcf8ffa367999996","DelimitedFile","Attribute Sync","No","0","0","0","0%","3%","NOT CONFIGURED","",
"Engineering Test Database","03d32217522f42a2b520dce9f33f6598","7aa95c2a-6c38-4f39-9bb9-040f11641ee3","Account Aggregation","Yes","0","0","0","0%","3%","NO ACTIVITY","",
"Engineering Test Database","03d32217522f42a2b520dce9f33f6598","7aa95c2a-6c38-4f39-9bb9-040f11641ee3","Entitlement Aggregation","No","0","0","0","0%","3%","NOT CONFIGURED","",
"Engineering Test Database","03d32217522f42a2b520dce9f33f6598","7aa95c2a-6c38-4f39-9bb9-040f11641ee3","Provisioning - Create Account","Yes","0","0","0","0%","3%","NO ACTIVITY","",
"Engineering Test Database","03d32217522f42a2b520dce9f33f6598","7aa95c2a-6c38-4f39-9bb9-040f11641ee3","Provisioning - Add Entitlement","Yes","0","0","0","0%","3%","NO ACTIVITY","",
"Engineering Test Database","03d32217522f42a2b520dce9f33f6598","7aa95c2a-6c38-4f39-9bb9-040f11641ee3","Provisioning - Remove Entitlement","Yes","0","0","0","0%","3%","NO ACTIVITY","",
"Engineering Test Database","03d32217522f42a2b520dce9f33f6598","7aa95c2a-6c38-4f39-9bb9-040f11641ee3","Provisioning - Enable","Yes","0","0","0","0%","3%","NO ACTIVITY","",
"Engineering Test Database","03d32217522f42a2b520dce9f33f6598","7aa95c2a-6c38-4f39-9bb9-040f11641ee3","Provisioning - Disable","Yes","0","0","0","0%","3%","NO ACTIVITY","",
"Engineering Test Database","03d32217522f42a2b520dce9f33f6598","7aa95c2a-6c38-4f39-9bb9-040f11641ee3","Attribute Sync","No","0","0","0","0%","3%","NOT CONFIGURED","",
"Automatic Privileged Mapping","50920ade439e4681bccd576242578902","DelimitedFile","Account Aggregation","No","0","0","0","0%","3%","NOT CONFIGURED","",
"Automatic Privileged Mapping","50920ade439e4681bccd576242578902","DelimitedFile","Entitlement Aggregation","No","2","2","0","0%","3%","NOT CONFIGURED","","2026-10-01T00:56:27.754Z"
"Automatic Privileged Mapping","50920ade439e4681bccd576242578902","DelimitedFile","Provisioning - Create Account","No","0","0","0","0%","3%","NOT CONFIGURED","",
"Automatic Privileged Mapping","50920ade439e4681bccd576242578902","DelimitedFile","Provisioning - Add Entitlement","No","0","0","0","0%","3%","NOT CONFIGURED","",
"Automatic Privileged Mapping","50920ade439e4681bccd576242578902","DelimitedFile","Provisioning - Remove Entitlement","No","0","0","0","0%","3%","NOT CONFIGURED","",
"Automatic Privileged Mapping","50920ade439e4681bccd576242578902","DelimitedFile","Provisioning - Enable","No","0","0","0","0%","3%","NOT CONFIGURED","",
"Automatic Privileged Mapping","50920ade439e4681bccd576242578902","DelimitedFile","Provisioning - Disable","No","0","0","0","0%","3%","NOT CONFIGURED","",
"Automatic Privileged Mapping","50920ade439e4681bccd576242578902","DelimitedFile","Attribute Sync","No","0","0","0","0%","3%","NOT CONFIGURED","",
"Personal Access Token Management","5e050ad1629c46d0a8932af5011fa6b9","Web Services","Account Aggregation","Yes","1","1","0","0%","3%","HEALTHY","","2026-10-01T09:58:09.144Z"
"Personal Access Token Management","5e050ad1629c46d0a8932af5011fa6b9","Web Services","Entitlement Aggregation","Yes","1","1","0","0%","3%","HEALTHY","","2026-10-01T01:58:30.296Z"
"Personal Access Token Management","5e050ad1629c46d0a8932af5011fa6b9","Web Services","Provisioning - Create Account","Yes","0","0","0","0%","3%","NO ACTIVITY","",
"Personal Access Token Management","5e050ad1629c46d0a8932af5011fa6b9","Web Services","Provisioning - Add Entitlement","Yes","0","0","0","0%","3%","NO ACTIVITY","",
"Personal Access Token Management","5e050ad1629c46d0a8932af5011fa6b9","Web Services","Provisioning - Remove Entitlement","Yes","0","0","0","0%","3%","NO ACTIVITY","",
"Personal Access Token Management","5e050ad1629c46d0a8932af5011fa6b9","Web Services","Provisioning - Enable","Yes","0","0","0","0%","3%","NO ACTIVITY","",
"Personal Access Token Management","5e050ad1629c46d0a8932af5011fa6b9","Web Services","Provisioning - Disable","Yes","0","0","0","0%","3%","NO ACTIVITY","",
"Personal Access Token Management","5e050ad1629c46d0a8932af5011fa6b9","Web Services","Attribute Sync","No","0","0","0","0%","3%","NOT CONFIGURED","",
"Demo Web Services - V2","64638626ca5b4a86b981bb35107d9e5e","Web Services","Account Aggregation","No","0","0","0","0%","3%","NOT CONFIGURED","",
"Demo Web Services - V2","64638626ca5b4a86b981bb35107d9e5e","Web Services","Entitlement Aggregation","No","0","0","0","0%","3%","NOT CONFIGURED","",
"Demo Web Services - V2","64638626ca5b4a86b981bb35107d9e5e","Web Services","Provisioning - Create Account","Yes","0","0","0","0%","3%","NO ACTIVITY","",
"Demo Web Services - V2","64638626ca5b4a86b981bb35107d9e5e","Web Services","Provisioning - Add Entitlement","Yes","0","0","0","0%","3%","NO ACTIVITY","",
"Demo Web Services - V2","64638626ca5b4a86b981bb35107d9e5e","Web Services","Provisioning - Remove Entitlement","Yes","0","0","0","0%","3%","NO ACTIVITY","",
"Demo Web Services - V2","64638626ca5b4a86b981bb35107d9e5e","Web Services","Provisioning - Enable","Yes","0","0","0","0%","3%","NO ACTIVITY","",
"Demo Web Services - V2","64638626ca5b4a86b981bb35107d9e5e","Web Services","Provisioning - Disable","Yes","0","0","0","0%","3%","NO ACTIVITY","",
"Demo Web Services - V2","64638626ca5b4a86b981bb35107d9e5e","Web Services","Attribute Sync","Yes","0","0","0","0%","3%","NO ACTIVITY","",
"SalesForce","6fc199f202234c569ded58a702bdf792","DelimitedFile","Account Aggregation","No","0","0","0","0%","3%","NOT CONFIGURED","",
"SalesForce","6fc199f202234c569ded58a702bdf792","DelimitedFile","Entitlement Aggregation","No","0","0","0","0%","3%","NOT CONFIGURED","",
"SalesForce","6fc199f202234c569ded58a702bdf792","DelimitedFile","Provisioning - Create Account","No","0","0","0","0%","3%","NOT CONFIGURED","",
"SalesForce","6fc199f202234c569ded58a702bdf792","DelimitedFile","Provisioning - Add Entitlement","No","0","0","0","0%","3%","NOT CONFIGURED","",
"SalesForce","6fc199f202234c569ded58a702bdf792","DelimitedFile","Provisioning - Remove Entitlement","No","0","0","0","0%","3%","NOT CONFIGURED","",
"SalesForce","6fc199f202234c569ded58a702bdf792","DelimitedFile","Provisioning - Enable","No","0","0","0","0%","3%","NOT CONFIGURED","",
"SalesForce","6fc199f202234c569ded58a702bdf792","DelimitedFile","Provisioning - Disable","No","0","0","0","0%","3%","NOT CONFIGURED","",
"SalesForce","6fc199f202234c569ded58a702bdf792","DelimitedFile","Attribute Sync","No","0","0","0","0%","3%","NOT CONFIGURED","",
"ISC Admins","71031ceddf964762b894ef257af19239","DelimitedFile","Account Aggregation","No","0","0","0","0%","3%","NOT CONFIGURED","",
"ISC Admins","71031ceddf964762b894ef257af19239","DelimitedFile","Entitlement Aggregation","No","0","0","0","0%","3%","NOT CONFIGURED","",
"ISC Admins","71031ceddf964762b894ef257af19239","DelimitedFile","Provisioning - Create Account","No","0","0","0","0%","3%","NOT CONFIGURED","",
"ISC Admins","71031ceddf964762b894ef257af19239","DelimitedFile","Provisioning - Add Entitlement","No","0","0","0","0%","3%","NOT CONFIGURED","",
"ISC Admins","71031ceddf964762b894ef257af19239","DelimitedFile","Provisioning - Remove Entitlement","No","0","0","0","0%","3%","NOT CONFIGURED","",
"ISC Admins","71031ceddf964762b894ef257af19239","DelimitedFile","Provisioning - Enable","No","0","0","0","0%","3%","NOT CONFIGURED","",
"ISC Admins","71031ceddf964762b894ef257af19239","DelimitedFile","Provisioning - Disable","No","0","0","0","0%","3%","NOT CONFIGURED","",
"ISC Admins","71031ceddf964762b894ef257af19239","DelimitedFile","Attribute Sync","No","0","0","0","0%","3%","NOT CONFIGURED","",
"Demo Web Services - V3","7baa178a717d4d5eb2ff51aad560748f","Web Services","Account Aggregation","No","0","0","0","0%","3%","NOT CONFIGURED","",
"Demo Web Services - V3","7baa178a717d4d5eb2ff51aad560748f","Web Services","Entitlement Aggregation","No","0","0","0","0%","3%","NOT CONFIGURED","",
"Demo Web Services - V3","7baa178a717d4d5eb2ff51aad560748f","Web Services","Provisioning - Create Account","Yes","0","0","0","0%","3%","NO ACTIVITY","",
"Demo Web Services - V3","7baa178a717d4d5eb2ff51aad560748f","Web Services","Provisioning - Add Entitlement","Yes","0","0","0","0%","3%","NO ACTIVITY","",
"Demo Web Services - V3","7baa178a717d4d5eb2ff51aad560748f","Web Services","Provisioning - Remove Entitlement","Yes","0","0","0","0%","3%","NO ACTIVITY","",
"Demo Web Services - V3","7baa178a717d4d5eb2ff51aad560748f","Web Services","Provisioning - Enable","Yes","0","0","0","0%","3%","NO ACTIVITY","",
"Demo Web Services - V3","7baa178a717d4d5eb2ff51aad560748f","Web Services","Provisioning - Disable","Yes","0","0","0","0%","3%","NO ACTIVITY","",
"Demo Web Services - V3","7baa178a717d4d5eb2ff51aad560748f","Web Services","Attribute Sync","Yes","0","0","0","0%","3%","NO ACTIVITY","",
"Corporate HR Directory","854493117fd447a48ef6d50f2b975601","Web Services","Account Aggregation","Yes","1","1","0","0%","3%","HEALTHY","","2026-10-01T04:59:26.624Z"
"Corporate HR Directory","854493117fd447a48ef6d50f2b975601","Web Services","Entitlement Aggregation","Yes","1","1","0","0%","3%","HEALTHY","","2026-10-01T05:00:06.171Z"
"Corporate HR Directory","854493117fd447a48ef6d50f2b975601","Web Services","Provisioning - Create Account","Yes","0","0","0","0%","3%","NO ACTIVITY","",
"Corporate HR Directory","854493117fd447a48ef6d50f2b975601","Web Services","Provisioning - Add Entitlement","Yes","0","0","0","0%","3%","NO ACTIVITY","",
"Corporate HR Directory","854493117fd447a48ef6d50f2b975601","Web Services","Provisioning - Remove Entitlement","Yes","0","0","0","0%","3%","NO ACTIVITY","",
"Corporate HR Directory","854493117fd447a48ef6d50f2b975601","Web Services","Provisioning - Enable","Yes","0","0","0","0%","3%","NO ACTIVITY","",
"Corporate HR Directory","854493117fd447a48ef6d50f2b975601","Web Services","Provisioning - Disable","Yes","0","0","0","0%","3%","NO ACTIVITY","",
"Corporate HR Directory","854493117fd447a48ef6d50f2b975601","Web Services","Attribute Sync","Yes","0","0","0","0%","3%","NO ACTIVITY","",
"Active Directory","879739ca351a4bc6bf9778b78122c4af","DelimitedFile","Account Aggregation","No","0","0","0","0%","3%","NOT CONFIGURED","",
"Active Directory","879739ca351a4bc6bf9778b78122c4af","DelimitedFile","Entitlement Aggregation","No","0","0","0","0%","3%","NOT CONFIGURED","",
"Active Directory","879739ca351a4bc6bf9778b78122c4af","DelimitedFile","Provisioning - Create Account","No","0","0","0","0%","3%","NOT CONFIGURED","",
"Active Directory","879739ca351a4bc6bf9778b78122c4af","DelimitedFile","Provisioning - Add Entitlement","No","0","0","0","0%","3%","NOT CONFIGURED","",
"Active Directory","879739ca351a4bc6bf9778b78122c4af","DelimitedFile","Provisioning - Remove Entitlement","No","0","0","0","0%","3%","NOT CONFIGURED","",
"Active Directory","879739ca351a4bc6bf9778b78122c4af","DelimitedFile","Provisioning - Enable","No","0","0","0","0%","3%","NOT CONFIGURED","",
"Active Directory","879739ca351a4bc6bf9778b78122c4af","DelimitedFile","Provisioning - Disable","No","0","0","0","0%","3%","NOT CONFIGURED","",
"Active Directory","879739ca351a4bc6bf9778b78122c4af","DelimitedFile","Attribute Sync","No","0","0","0","0%","3%","NOT CONFIGURED","",
"Demo Web Services","96bd77fe40b34ab6a7cb952a704ad4d6","Web Services","Account Aggregation","No","0","0","0","0%","3%","NOT CONFIGURED","",
"Demo Web Services","96bd77fe40b34ab6a7cb952a704ad4d6","Web Services","Entitlement Aggregation","No","0","0","0","0%","3%","NOT CONFIGURED","",
"Demo Web Services","96bd77fe40b34ab6a7cb952a704ad4d6","Web Services","Provisioning - Create Account","Yes","0","0","0","0%","3%","NO ACTIVITY","",
"Demo Web Services","96bd77fe40b34ab6a7cb952a704ad4d6","Web Services","Provisioning - Add Entitlement","Yes","0","0","0","0%","3%","NO ACTIVITY","",
"Demo Web Services","96bd77fe40b34ab6a7cb952a704ad4d6","Web Services","Provisioning - Remove Entitlement","Yes","0","0","0","0%","3%","NO ACTIVITY","",
"Demo Web Services","96bd77fe40b34ab6a7cb952a704ad4d6","Web Services","Provisioning - Enable","Yes","0","0","0","0%","3%","NO ACTIVITY","",
"Demo Web Services","96bd77fe40b34ab6a7cb952a704ad4d6","Web Services","Provisioning - Disable","Yes","0","0","0","0%","3%","NO ACTIVITY","",
"Demo Web Services","96bd77fe40b34ab6a7cb952a704ad4d6","Web Services","Attribute Sync","Yes","0","0","0","0%","3%","NO ACTIVITY","",
"Airtable","a4043e8e523546d38fab62e196884834","7aa95c2a-6c38-4f39-9bb9-040f11641ee3","Account Aggregation","No","0","0","0","0%","3%","NOT CONFIGURED","",
"Airtable","a4043e8e523546d38fab62e196884834","7aa95c2a-6c38-4f39-9bb9-040f11641ee3","Entitlement Aggregation","No","0","0","0","0%","3%","NOT CONFIGURED","",
"Airtable","a4043e8e523546d38fab62e196884834","7aa95c2a-6c38-4f39-9bb9-040f11641ee3","Provisioning - Create Account","Yes","0","0","0","0%","3%","NO ACTIVITY","",
"Airtable","a4043e8e523546d38fab62e196884834","7aa95c2a-6c38-4f39-9bb9-040f11641ee3","Provisioning - Add Entitlement","Yes","0","0","0","0%","3%","NO ACTIVITY","",
"Airtable","a4043e8e523546d38fab62e196884834","7aa95c2a-6c38-4f39-9bb9-040f11641ee3","Provisioning - Remove Entitlement","Yes","0","0","0","0%","3%","NO ACTIVITY","",
"Airtable","a4043e8e523546d38fab62e196884834","7aa95c2a-6c38-4f39-9bb9-040f11641ee3","Provisioning - Enable","Yes","0","0","0","0%","3%","NO ACTIVITY","",
"Airtable","a4043e8e523546d38fab62e196884834","7aa95c2a-6c38-4f39-9bb9-040f11641ee3","Provisioning - Disable","Yes","0","0","0","0%","3%","NO ACTIVITY","",
"Airtable","a4043e8e523546d38fab62e196884834","7aa95c2a-6c38-4f39-9bb9-040f11641ee3","Attribute Sync","No","0","0","0","0%","3%","NOT CONFIGURED","",
"SharePoint","dc16d2fdb6b04cd48e8f114ff4c1cf19","DelimitedFile","Account Aggregation","No","0","0","0","0%","3%","NOT CONFIGURED","",
"SharePoint","dc16d2fdb6b04cd48e8f114ff4c1cf19","DelimitedFile","Entitlement Aggregation","No","0","0","0","0%","3%","NOT CONFIGURED","",
"SharePoint","dc16d2fdb6b04cd48e8f114ff4c1cf19","DelimitedFile","Provisioning - Create Account","No","0","0","0","0%","3%","NOT CONFIGURED","",
"SharePoint","dc16d2fdb6b04cd48e8f114ff4c1cf19","DelimitedFile","Provisioning - Add Entitlement","No","0","0","0","0%","3%","NOT CONFIGURED","",
"SharePoint","dc16d2fdb6b04cd48e8f114ff4c1cf19","DelimitedFile","Provisioning - Remove Entitlement","No","0","0","0","0%","3%","NOT CONFIGURED","",
"SharePoint","dc16d2fdb6b04cd48e8f114ff4c1cf19","DelimitedFile","Provisioning - Enable","No","0","0","0","0%","3%","NOT CONFIGURED","",
"SharePoint","dc16d2fdb6b04cd48e8f114ff4c1cf19","DelimitedFile","Provisioning - Disable","No","0","0","0","0%","3%","NOT CONFIGURED","",
"SharePoint","dc16d2fdb6b04cd48e8f114ff4c1cf19","DelimitedFile","Attribute Sync","No","0","0","0","0%","3%","NOT CONFIGURED","",
"Demo Web Services - V1","e4ce5c1362a94e8392c45527a0f44d3e","Web Services","Account Aggregation","No","0","0","0","0%","3%","NOT CONFIGURED","",
"Demo Web Services - V1","e4ce5c1362a94e8392c45527a0f44d3e","Web Services","Entitlement Aggregation","No","0","0","0","0%","3%","NOT CONFIGURED","",
"Demo Web Services - V1","e4ce5c1362a94e8392c45527a0f44d3e","Web Services","Provisioning - Create Account","Yes","0","0","0","0%","3%","NO ACTIVITY","",
"Demo Web Services - V1","e4ce5c1362a94e8392c45527a0f44d3e","Web Services","Provisioning - Add Entitlement","Yes","0","0","0","0%","3%","NO ACTIVITY","",
"Demo Web Services - V1","e4ce5c1362a94e8392c45527a0f44d3e","Web Services","Provisioning - Remove Entitlement","Yes","0","0","0","0%","3%","NO ACTIVITY","",
"Demo Web Services - V1","e4ce5c1362a94e8392c45527a0f44d3e","Web Services","Provisioning - Enable","Yes","0","0","0","0%","3%","NO ACTIVITY","",
"Demo Web Services - V1","e4ce5c1362a94e8392c45527a0f44d3e","Web Services","Provisioning - Disable","Yes","0","0","0","0%","3%","NO ACTIVITY","",
"Demo Web Services - V1","e4ce5c1362a94e8392c45527a0f44d3e","Web Services","Attribute Sync","Yes","0","0","0","0%","3%","NO ACTIVITY","",
